,loss,categorical_accuracy,precision,recall,val_loss,val_categorical_accuracy,val_precision,val_recall,lr
0,2.8849992752075195,0.21433334052562714,0.7400000095367432,0.028777778148651123,2.8388900756835938,0.2173333317041397,1.0,0.004000000189989805,0.001
1,2.5371227264404297,0.2746666669845581,0.7372764945030212,0.05955555662512779,2.8309667110443115,0.2460000067949295,0.40760868787765503,0.125,0.001
2,2.4099254608154297,0.3019999861717224,0.7270854711532593,0.07844444364309311,2.7753636837005615,0.24933333694934845,0.6170212626457214,0.16433332860469818,0.001
3,2.323134660720825,0.32111111283302307,0.757713258266449,0.092777781188488,2.6028213500976562,0.2919999957084656,0.5243309140205383,0.14366666972637177,0.001
4,2.244753360748291,0.3404444456100464,0.7444187998771667,0.10744444280862808,2.457435369491577,0.3109999895095825,0.5548705458641052,0.15000000596046448,0.001
5,2.1980040073394775,0.35100001096725464,0.746675968170166,0.11855555325746536,2.7356035709381104,0.3089999854564667,0.4515800178050995,0.14766666293144226,0.001
6,2.1587398052215576,0.3665555417537689,0.7472668886184692,0.12911111116409302,2.134014129638672,0.3700000047683716,0.7488443851470947,0.16200000047683716,0.001
7,2.114790916442871,0.3742222189903259,0.7573221921920776,0.14077778160572052,2.0974457263946533,0.37966665625572205,0.7360703945159912,0.16733333468437195,0.001
8,2.074903964996338,0.3812222182750702,0.7502805590629578,0.14855556190013885,2.076709032058716,0.38100001215934753,0.8100147247314453,0.18333333730697632,0.001
9,2.040642023086548,0.3951111137866974,0.7587859630584717,0.15833333134651184,2.4024546146392822,0.33766666054725647,0.5717255473136902,0.18333333730697632,0.001
10,2.0202434062957764,0.3911111056804657,0.7604542970657349,0.16366666555404663,2.0890982151031494,0.382666677236557,0.713350772857666,0.18166667222976685,0.001
11,1.992985725402832,0.40477776527404785,0.7487757205963135,0.16988888382911682,1.8964622020721436,0.4556666612625122,0.8466851115226746,0.2043333351612091,0.001
12,1.9423422813415527,0.41555556654930115,0.748235285282135,0.17666666209697723,1.934805154800415,0.43299999833106995,0.7698898315429688,0.2096666693687439,0.001
13,1.9376271963119507,0.41822221875190735,0.7530751824378967,0.1836666613817215,2.0961368083953857,0.3889999985694885,0.7052980065345764,0.21299999952316284,0.001
14,1.9183226823806763,0.42488887906074524,0.762499988079071,0.18977777659893036,2.063952684402466,0.4033333361148834,0.6938349008560181,0.2213333398103714,0.001
15,1.8810279369354248,0.4377777874469757,0.7676383852958679,0.20188888907432556,2.088463544845581,0.3943333327770233,0.7178649306297302,0.21966665983200073,0.001
16,1.8782172203063965,0.43566668033599854,0.761335551738739,0.2052222192287445,2.3186044692993164,0.3686666786670685,0.6285714507102966,0.20533333718776703,0.001
17,1.8388780355453491,0.4434444308280945,0.7704654932022095,0.2133333384990692,1.853271484375,0.4646666646003723,0.8052995204925537,0.2329999953508377,0.001
18,1.8233678340911865,0.4462222158908844,0.7568093538284302,0.21611110866069794,1.7741061449050903,0.47333332896232605,0.8013902902603149,0.26899999380111694,0.001
19,1.8068100214004517,0.45455554127693176,0.7634328603744507,0.22733333706855774,1.8225950002670288,0.4463333189487457,0.7713444828987122,0.2619999945163727,0.001
20,1.7958178520202637,0.4565555453300476,0.7643122673034668,0.228444442152977,1.8553279638290405,0.4543333351612091,0.7543689608573914,0.2590000033378601,0.001
21,1.7729097604751587,0.464555561542511,0.7569664716720581,0.23844444751739502,1.984550952911377,0.4309999942779541,0.7218543291091919,0.25433334708213806,0.001
22,1.757030725479126,0.4672222137451172,0.7577574253082275,0.2387777715921402,1.9244149923324585,0.4246666729450226,0.7167266011238098,0.265666663646698,0.001
23,1.7570669651031494,0.46977776288986206,0.7599999904632568,0.24066667258739471,1.7832635641098022,0.4636666774749756,0.7686170339584351,0.289000004529953,0.001
24,1.7177306413650513,0.47877776622772217,0.7549983263015747,0.24755555391311646,1.7071698904037476,0.492000013589859,0.7942271828651428,0.28433331847190857,0.001
25,1.7244566679000854,0.4748888909816742,0.7559999823570251,0.25200000405311584,1.7339614629745483,0.48233333230018616,0.8188679218292236,0.2893333435058594,0.001
26,1.7384119033813477,0.47555556893348694,0.7573825716972351,0.2507777810096741,1.7569679021835327,0.47333332896232605,0.7781785130500793,0.2876666784286499,0.001
27,1.6886664628982544,0.4846666753292084,0.7630548477172852,0.2597777843475342,1.8799829483032227,0.43700000643730164,0.7042483687400818,0.28733333945274353,0.001
28,1.6708592176437378,0.4924444556236267,0.7662007808685303,0.2680000066757202,1.7308924198150635,0.48133334517478943,0.7907375693321228,0.3073333203792572,0.001
29,1.675394058227539,0.4905555546283722,0.7650204300880432,0.2702222168445587,1.6263819932937622,0.5233333110809326,0.8027027249336243,0.296999990940094,0.001
30,1.6492222547531128,0.4995555579662323,0.7638083696365356,0.2781111001968384,1.6555248498916626,0.515666663646698,0.8189338445663452,0.296999990940094,0.001
31,1.6761807203292847,0.492333322763443,0.7731669545173645,0.27533334493637085,1.6939475536346436,0.4883333444595337,0.7659932374954224,0.3033333420753479,0.001
32,1.621358036994934,0.5057777762413025,0.7707533240318298,0.2898888885974884,1.7092307806015015,0.500333309173584,0.7996618747711182,0.3153333365917206,0.001
33,1.650382161140442,0.49388888478279114,0.7715994119644165,0.2867777645587921,1.592946171760559,0.5273333191871643,0.8205349445343018,0.31700000166893005,0.001
34,1.6132283210754395,0.5099999904632568,0.7764047980308533,0.29322221875190735,1.666276216506958,0.5009999871253967,0.767660915851593,0.32600000500679016,0.001
35,1.6154537200927734,0.5059999823570251,0.7683533430099487,0.29188889265060425,1.5403681993484497,0.5529999732971191,0.8269720077514648,0.32499998807907104,0.001
36,1.5977123975753784,0.5102221965789795,0.7700719237327576,0.29733332991600037,1.6530898809432983,0.5106666684150696,0.798690676689148,0.3253333270549774,0.001
37,1.5843125581741333,0.511888861656189,0.7669848203659058,0.30355554819107056,1.5676697492599487,0.5216666460037231,0.8374892473220825,0.32466667890548706,0.001
38,1.5878952741622925,0.5107777714729309,0.775447428226471,0.3081111013889313,1.8606081008911133,0.4476666748523712,0.7155963182449341,0.31200000643730164,0.001
39,1.5662776231765747,0.5208888649940491,0.7767685055732727,0.3135555684566498,1.5959153175354004,0.5353333353996277,0.8058637380599976,0.33899998664855957,0.001
40,1.5694812536239624,0.5195555686950684,0.7809894680976868,0.3122222125530243,1.6306304931640625,0.5026666522026062,0.7732513546943665,0.33533334732055664,0.001
41,1.5505679845809937,0.5205555558204651,0.7710712552070618,0.31511110067367554,1.6237618923187256,0.5133333206176758,0.7719696760177612,0.3396666646003723,0.001
42,1.5571638345718384,0.5188888907432556,0.7666214108467102,0.31388887763023376,1.566737413406372,0.5353333353996277,0.8012872338294983,0.3319999873638153,0.001
43,1.5386799573898315,0.5252222418785095,0.7719110250473022,0.3199999928474426,1.5732295513153076,0.5270000100135803,0.787407398223877,0.3543333411216736,0.001
44,1.5102643966674805,0.5291110873222351,0.7791898250579834,0.3269999921321869,1.526471495628357,0.5429999828338623,0.8125,0.3423333466053009,0.001
45,1.5334609746932983,0.5298888683319092,0.7775700688362122,0.3235555589199066,1.5239039659500122,0.5509999990463257,0.8122634291648865,0.35766667127609253,0.001
46,1.5133795738220215,0.5335555672645569,0.7836411595344543,0.33000001311302185,1.5701847076416016,0.5333333611488342,0.7871720194816589,0.36000001430511475,0.001
47,1.5115503072738647,0.5348888635635376,0.7780386209487915,0.3314444422721863,1.516839623451233,0.5540000200271606,0.8073322772979736,0.3449999988079071,0.001
48,1.5080317258834839,0.5403333306312561,0.7756326794624329,0.33033332228660583,1.5655162334442139,0.5316666960716248,0.7671549916267395,0.3316666781902313,0.001
49,1.5084149837493896,0.5305555462837219,0.7669578790664673,0.3316666781902313,1.4526933431625366,0.5743333101272583,0.8230088353157043,0.3720000088214874,0.001
50,1.4962891340255737,0.5337777733802795,0.7766121029853821,0.33722221851348877,1.5929734706878662,0.5299999713897705,0.795996904373169,0.34466665983200073,0.001
51,1.489678144454956,0.5421110987663269,0.7740299105644226,0.3391111195087433,1.5984036922454834,0.5139999985694885,0.753643274307251,0.3619999885559082,0.001
52,1.4762392044067383,0.5417777895927429,0.7740169167518616,0.34555554389953613,1.4510496854782104,0.5699999928474426,0.8142962455749512,0.3683333396911621,0.001
53,1.4668755531311035,0.54666668176651,0.7883374691009521,0.3529999852180481,1.4960238933563232,0.5630000233650208,0.8125472664833069,0.3583333194255829,0.001
54,1.4538761377334595,0.5473333597183228,0.7797411680221558,0.3481111228466034,1.4797199964523315,0.5576666593551636,0.7665480375289917,0.35899999737739563,0.001
55,1.4697294235229492,0.5453333258628845,0.7767922878265381,0.3503333330154419,1.5531129837036133,0.5426666736602783,0.7871546149253845,0.3513333201408386,0.001
56,1.4770700931549072,0.5447777509689331,0.7737745046615601,0.3507777750492096,1.4505068063735962,0.5839999914169312,0.8226637244224548,0.3726666569709778,0.001
57,1.4495093822479248,0.5508888959884644,0.7865251898765564,0.35411110520362854,1.5598180294036865,0.5363333225250244,0.7566462159156799,0.3700000047683716,0.001
58,1.4389071464538574,0.5495555400848389,0.7773817777633667,0.36355555057525635,1.4282859563827515,0.5989999771118164,0.8420268297195435,0.3766666650772095,0.001
59,1.4457906484603882,0.5529999732971191,0.7819404602050781,0.36177778244018555,1.472139596939087,0.5606666803359985,0.7829848527908325,0.3619999885559082,0.001
60,1.4167120456695557,0.5595555305480957,0.7898814082145691,0.3625555634498596,1.4711543321609497,0.5716666579246521,0.8146027326583862,0.37933334708213806,0.001
61,1.4411814212799072,0.5542222261428833,0.7706161141395569,0.36133334040641785,1.5290029048919678,0.5566666722297668,0.7938144207000732,0.359333336353302,0.001
62,1.4245084524154663,0.5603333115577698,0.7829676866531372,0.3687777817249298,1.4823484420776367,0.5523333549499512,0.7914068102836609,0.38066667318344116,0.001
63,1.4113614559173584,0.5598888993263245,0.7820125222206116,0.37388888001441956,1.3643501996994019,0.5986666679382324,0.82536381483078,0.3970000147819519,0.001
64,1.3980696201324463,0.5638889074325562,0.7878293395042419,0.3754444420337677,1.388393521308899,0.5960000157356262,0.8385558724403381,0.4103333353996277,0.001
65,1.3894531726837158,0.5614444613456726,0.7917054891586304,0.3775555491447449,1.4889658689498901,0.5536666512489319,0.8007092475891113,0.3763333261013031,0.001
66,1.390217661857605,0.570111095905304,0.7872291803359985,0.3835555613040924,1.5283161401748657,0.5440000295639038,0.775086522102356,0.3733333349227905,0.001
67,1.407987356185913,0.5566666722297668,0.7811059951782227,0.3766666650772095,1.4897634983062744,0.5586666464805603,0.7990092039108276,0.3763333261013031,0.001
68,1.3864647150039673,0.5674444437026978,0.779205858707428,0.3772222101688385,1.3869538307189941,0.5956666469573975,0.8237335085868835,0.3956666588783264,0.001
69,1.3991886377334595,0.5621111392974854,0.7783116102218628,0.3779999911785126,1.458828330039978,0.5699999928474426,0.8080741167068481,0.40700000524520874,0.001
70,1.3834096193313599,0.5734444260597229,0.7937312722206116,0.382666677236557,1.5140063762664795,0.5323333144187927,0.7903340458869934,0.37066665291786194,0.001
71,1.358359694480896,0.5714444518089294,0.7855715751647949,0.39322221279144287,1.403968095779419,0.5960000157356262,0.8234491944313049,0.4026666581630707,0.001
72,1.3663060665130615,0.5762222409248352,0.789801836013794,0.39411109685897827,2.0005571842193604,0.4659999907016754,0.6756569743156433,0.3256666660308838,0.001
73,1.3608912229537964,0.5759999752044678,0.7864099144935608,0.394777774810791,1.385560393333435,0.5946666598320007,0.8186562061309814,0.4183333218097687,0.001
74,1.3499146699905396,0.5798888802528381,0.7943277955055237,0.3952222168445587,1.3326833248138428,0.6200000047683716,0.8390501141548157,0.42399999499320984,0.001
75,1.3518086671829224,0.5748888850212097,0.7880544066429138,0.3928889036178589,1.3483693599700928,0.6163333058357239,0.8351206183433533,0.4153333306312561,0.001
76,1.347409963607788,0.5777778029441833,0.7935911417007446,0.39899998903274536,1.417979121208191,0.5770000219345093,0.8043925762176514,0.390666663646698,0.001
77,1.3658498525619507,0.5763333439826965,0.7846221923828125,0.3934444487094879,1.4348517656326294,0.5766666531562805,0.801360547542572,0.39266666769981384,0.001
78,1.3315476179122925,0.5872222185134888,0.797183096408844,0.40877777338027954,1.3966269493103027,0.5943333506584167,0.8024452924728394,0.4156666696071625,0.001
79,1.3402131795883179,0.5747777819633484,0.7886319160461426,0.4054444432258606,1.4926785230636597,0.5523333549499512,0.802256166934967,0.40299999713897705,0.001
80,1.3525779247283936,0.5773333311080933,0.7779956459999084,0.39677777886390686,1.486053228378296,0.5613333582878113,0.7972350120544434,0.4036666750907898,0.001
81,1.3473657369613647,0.5792222023010254,0.7973928451538086,0.4009999930858612,1.3963181972503662,0.5899999737739563,0.8077170252799988,0.41866666078567505,0.001
82,1.3202171325683594,0.590666651725769,0.7939394116401672,0.40755555033683777,1.379855751991272,0.596666693687439,0.8099173307418823,0.4246666729450226,0.001
83,1.337986707687378,0.5837777853012085,0.7839075326919556,0.39944443106651306,1.4576183557510376,0.5666666626930237,0.7866756319999695,0.38966667652130127,0.001
84,1.2976429462432861,0.5933333039283752,0.8015924096107483,0.4138889014720917,1.3671034574508667,0.5993333458900452,0.8266578912734985,0.41966667771339417,0.001
85,1.2912490367889404,0.5908889174461365,0.7949479818344116,0.4161111116409302,1.3867640495300293,0.5873333215713501,0.8124207854270935,0.4273333251476288,0.001
86,1.2865817546844482,0.6000000238418579,0.7986270189285278,0.4265555441379547,1.4195574522018433,0.5853333473205566,0.804635763168335,0.4050000011920929,0.001
87,1.2841761112213135,0.6034444570541382,0.7902660369873047,0.42577776312828064,1.3109523057937622,0.6233333349227905,0.8237857818603516,0.4410000145435333,0.001
88,1.2923933267593384,0.5924444198608398,0.7925509810447693,0.42322221398353577,1.337660312652588,0.609333336353302,0.8051869869232178,0.4449999928474426,0.001
89,1.294366478919983,0.5926666855812073,0.7898474931716919,0.42011111974716187,1.788473129272461,0.515666663646698,0.6853793859481812,0.37033334374427795,0.001
90,1.270916223526001,0.6004444360733032,0.7973504662513733,0.42800000309944153,1.3532812595367432,0.6076666712760925,0.7989227771759033,0.4449999928474426,0.001
91,1.2768583297729492,0.5988888740539551,0.7967881560325623,0.4300000071525574,1.2898120880126953,0.6256666779518127,0.8159905672073364,0.46266666054725647,0.001
92,1.2785648107528687,0.6071110963821411,0.7988201975822449,0.4363333284854889,1.3679618835449219,0.6029999852180481,0.797460675239563,0.43966665863990784,0.001
93,1.2762211561203003,0.6012222170829773,0.7847293615341187,0.42366665601730347,1.4144500494003296,0.5726666450500488,0.7949044704437256,0.41600000858306885,0.001
94,1.2753297090530396,0.6035555601119995,0.7969564199447632,0.4247777760028839,1.3931903839111328,0.5856666564941406,0.8193303942680359,0.4323333203792572,0.001
95,1.2857333421707153,0.6002222299575806,0.7997075915336609,0.42544445395469666,1.4240988492965698,0.5846666693687439,0.7993630766868591,0.4183333218097687,0.001
96,1.2474364042282104,0.6113333106040955,0.7960854768753052,0.44288888573646545,1.273951768875122,0.6323333382606506,0.8351581692695618,0.45766666531562805,0.001
97,1.241485834121704,0.6107777953147888,0.7997184991836548,0.4418888986110687,1.3144278526306152,0.6179999709129333,0.8205596208572388,0.44966667890548706,0.001
98,1.2471668720245361,0.6095555424690247,0.792404055595398,0.4427777826786041,1.7627825736999512,0.54666668176651,0.6926159262657166,0.4033333361148834,0.001
99,1.2460274696350098,0.6084444522857666,0.7983805537223816,0.4382222294807434,1.5941941738128662,0.5636666417121887,0.7269052863121033,0.41966667771339417,0.001
100,1.2378835678100586,0.6117777824401855,0.7941293716430664,0.4418888986110687,1.5637977123260498,0.5376666784286499,0.7528517246246338,0.3959999978542328,0.001
101,1.2373408079147339,0.6121110916137695,0.8031243681907654,0.44555556774139404,1.3297549486160278,0.6086666584014893,0.8092024326324463,0.43966665863990784,0.001
102,1.2381402254104614,0.6142222285270691,0.7995198369026184,0.4440000057220459,1.2700999975204468,0.6306666731834412,0.8370720148086548,0.4726666808128357,0.001
103,1.2229115962982178,0.6150000095367432,0.7992880940437317,0.44911110401153564,1.437748670578003,0.5720000267028809,0.7831616997718811,0.4309999942779541,0.001
104,1.2304834127426147,0.6161110997200012,0.8003972172737122,0.44777777791023254,1.352799654006958,0.6026666760444641,0.7914285659790039,0.46166667342185974,0.001
105,1.2267426252365112,0.6155555844306946,0.7969821691513062,0.45188888907432556,1.3153408765792847,0.609333336353302,0.813017725944519,0.4580000042915344,0.001
106,1.2248927354812622,0.6201111078262329,0.8003557920455933,0.4498888850212097,1.4309560060501099,0.5826666951179504,0.7803258895874023,0.4309999942779541,0.001
107,1.227303147315979,0.620888888835907,0.7952418327331543,0.45311111211776733,1.28163743019104,0.6293333172798157,0.8179174065589905,0.468666672706604,0.001
108,1.193955659866333,0.628777801990509,0.8030127286911011,0.4620000123977661,1.3055379390716553,0.6313333511352539,0.8025928139686584,0.45399999618530273,0.001
109,1.2059818506240845,0.6169999837875366,0.8039486408233643,0.4524444341659546,1.310909390449524,0.6290000081062317,0.8117229342460632,0.4569999873638153,0.001
110,1.1846168041229248,0.6305555701255798,0.8018052577972412,0.46388888359069824,1.5698864459991455,0.5456666946411133,0.7208657264709473,0.43299999833106995,0.001
111,1.211280107498169,0.6207777857780457,0.7923559546470642,0.46299999952316284,1.5411627292633057,0.574999988079071,0.7526700496673584,0.4463333189487457,0.001
112,1.2031422853469849,0.6204444169998169,0.8026768565177917,0.4664444327354431,1.3353686332702637,0.6113333106040955,0.786223292350769,0.4413333237171173,0.001
113,1.1805455684661865,0.6303333044052124,0.8099331259727478,0.47111111879348755,1.31394624710083,0.6159999966621399,0.789265513420105,0.46566668152809143,0.001
114,1.1712937355041504,0.6306666731834412,0.8030792474746704,0.4694444537162781,1.256783127784729,0.6313333511352539,0.8100558519363403,0.4833333194255829,0.001
115,1.191011905670166,0.6286666393280029,0.8006461262702942,0.4681110978126526,1.2884949445724487,0.628333330154419,0.8002244830131531,0.4753333330154419,0.001
116,1.1832393407821655,0.6296666860580444,0.8089014887809753,0.4745555520057678,1.308620572090149,0.6243333220481873,0.8013136386871338,0.4880000054836273,0.001
117,1.1824051141738892,0.6333333253860474,0.8069578409194946,0.47422221302986145,1.2701354026794434,0.640999972820282,0.8169336318969727,0.47600001096725464,0.001
118,1.1769940853118896,0.628000020980835,0.8037700057029724,0.47377777099609375,1.2801071405410767,0.6226666569709778,0.8012492656707764,0.4703333377838135,0.001
119,1.1827949285507202,0.6336666941642761,0.8001123070716858,0.4749999940395355,1.306557297706604,0.628333330154419,0.8181818127632141,0.47999998927116394,0.001
120,1.160868763923645,0.63355553150177,0.8055868148803711,0.47744444012641907,1.3029155731201172,0.6266666650772095,0.8179762363433838,0.48233333230018616,0.001
121,1.166447639465332,0.6352221965789795,0.8079819083213806,0.47688889503479004,1.3380106687545776,0.6116666793823242,0.7984234094619751,0.4726666808128357,0.001
122,1.1680412292480469,0.633222222328186,0.805170476436615,0.4775555431842804,1.4283435344696045,0.5793333053588867,0.7749271392822266,0.4429999887943268,0.001
123,1.1528860330581665,0.6394444704055786,0.8099793791770935,0.4797777831554413,1.2891684770584106,0.6190000176429749,0.8150488138198853,0.4729999899864197,0.001
124,1.1507776975631714,0.6383333206176758,0.8044713139533997,0.4877777695655823,1.231105923652649,0.640333354473114,0.8296296000480652,0.48533332347869873,0.001
125,1.1401722431182861,0.6431111097335815,0.8158581852912903,0.48588889837265015,1.2997647523880005,0.6200000047683716,0.800000011920929,0.47600001096725464,0.001
126,1.1613645553588867,0.6357777714729309,0.8016194105148315,0.48399999737739563,1.313471794128418,0.6073333621025085,0.7893557548522949,0.46966665983200073,0.001
127,1.1300827264785767,0.6384444236755371,0.8053653836250305,0.48366665840148926,1.2907450199127197,0.6273333430290222,0.8046485781669617,0.4846666753292084,0.001
128,1.1336759328842163,0.640666663646698,0.8065639734268188,0.4887777864933014,1.3283638954162598,0.6233333349227905,0.800000011920929,0.4866666793823242,0.001
129,1.1167645454406738,0.6426666378974915,0.8137680888175964,0.4991111159324646,1.3952637910842896,0.5849999785423279,0.783083975315094,0.45366665720939636,0.001
130,1.1483289003372192,0.6413333415985107,0.8057527542114258,0.49177777767181396,1.7938673496246338,0.5260000228881836,0.695842444896698,0.42399999499320984,0.001
131,1.1294618844985962,0.6414444446563721,0.8085683584213257,0.4970000088214874,1.2690627574920654,0.6269999742507935,0.8013318777084351,0.48133334517478943,0.001
132,1.129740834236145,0.6441110968589783,0.8146710991859436,0.48988887667655945,1.3239024877548218,0.6200000047683716,0.79935622215271,0.49666666984558105,0.001
133,1.1390095949172974,0.6476666927337646,0.8006866574287415,0.492333322763443,1.4437384605407715,0.5856666564941406,0.7509706020355225,0.45133334398269653,0.001
134,1.1339173316955566,0.647777795791626,0.8174312114715576,0.4950000047683716,1.3892261981964111,0.5846666693687439,0.7548316121101379,0.4556666612625122,0.001
135,1.1258599758148193,0.6408888697624207,0.8150771856307983,0.4985555410385132,1.301289439201355,0.6086666584014893,0.7867035865783691,0.47333332896232605,0.001
136,1.1047816276550293,0.6591110825538635,0.8165680766105652,0.5059999823570251,1.3174996376037598,0.6079999804496765,0.7708216905593872,0.4596666693687439,0.001
137,1.0872143507003784,0.6602222323417664,0.825606644153595,0.5065555572509766,1.259306788444519,0.6299999952316284,0.7804359197616577,0.4893333315849304,0.001
138,1.1117331981658936,0.6568889021873474,0.815784752368927,0.5053333044052124,1.2107079029083252,0.6623333096504211,0.8267460465431213,0.5090000033378601,0.001
139,1.0807818174362183,0.6586666703224182,0.8195061087608337,0.5125555396080017,1.3938651084899902,0.6003333330154419,0.7750827074050903,0.468666672706604,0.001
140,1.1129368543624878,0.6454444527626038,0.8113241195678711,0.5031111240386963,1.3102010488510132,0.6129999756813049,0.7669447064399719,0.49033331871032715,0.001
141,1.0915594100952148,0.6578888893127441,0.8171275854110718,0.5088889002799988,1.2621746063232422,0.6286666393280029,0.7846235036849976,0.49666666984558105,0.001
142,1.1004172563552856,0.6523333191871643,0.8126334547996521,0.507444441318512,1.2560842037200928,0.640666663646698,0.8036776781082153,0.49533334374427795,0.001
143,1.107221245765686,0.6541110873222351,0.8127461671829224,0.504444420337677,1.2536163330078125,0.6420000195503235,0.8081743717193604,0.49433332681655884,0.001
144,1.0821398496627808,0.6602222323417664,0.8211685419082642,0.5137777924537659,1.2842848300933838,0.6306666731834412,0.8021920919418335,0.512333333492279,0.001
145,1.094285249710083,0.6588888764381409,0.8215553760528564,0.5141111016273499,1.280004858970642,0.6433333158493042,0.8129380345344543,0.5026666522026062,0.001
146,1.0872406959533691,0.6581110954284668,0.8172481060028076,0.5127778053283691,1.2824333906173706,0.6349999904632568,0.8002086877822876,0.5113333463668823,0.001
147,1.054011344909668,0.6672222018241882,0.8231601119041443,0.5244444608688354,1.2899694442749023,0.621999979019165,0.7930481433868408,0.49433332681655884,0.001
148,1.0554695129394531,0.6654444336891174,0.8205887675285339,0.5234444737434387,1.2325265407562256,0.640999972820282,0.8168789744377136,0.5130000114440918,0.001
149,1.072058081626892,0.6525555849075317,0.8085624575614929,0.5162222385406494,1.2597973346710205,0.637666642665863,0.8050139546394348,0.4816666543483734,0.001
150,1.072472095489502,0.6607778072357178,0.8116169571876526,0.5170000195503235,1.2651023864746094,0.6326666474342346,0.7919999957084656,0.4950000047683716,0.001
151,1.0551046133041382,0.6667777895927429,0.8228711485862732,0.5228888988494873,1.216190218925476,0.6483333110809326,0.8124672770500183,0.5170000195503235,0.001
152,1.0657118558883667,0.6616666913032532,0.8184210658073425,0.5183333158493042,1.326077938079834,0.609000027179718,0.741805374622345,0.49033331871032715,0.001
153,1.0752065181732178,0.6572222113609314,0.8124123215675354,0.5148888826370239,1.2545876502990723,0.6330000162124634,0.8018967509269714,0.5073333382606506,0.001
154,1.0497183799743652,0.6721110939979553,0.822391152381897,0.5288888812065125,1.262546420097351,0.6293333172798157,0.7977467775344849,0.49566665291786194,0.001
155,1.0634673833847046,0.6660000085830688,0.8157032132148743,0.5252222418785095,1.3126122951507568,0.6323333382606506,0.790996789932251,0.492000013589859,0.001
156,1.0727653503417969,0.6610000133514404,0.8159583806991577,0.5226666927337646,1.3603318929672241,0.6069999933242798,0.7604166865348816,0.4866666793823242,0.001
157,1.052715539932251,0.6690000295639038,0.8227280378341675,0.5301111340522766,1.2618716955184937,0.6386666893959045,0.7997903823852539,0.5086666941642761,0.001
158,1.0377609729766846,0.6742222309112549,0.8221728801727295,0.5347777605056763,1.2343027591705322,0.6460000276565552,0.7972630262374878,0.5243333578109741,0.001
159,1.0230172872543335,0.6797778010368347,0.8246510028839111,0.5382221937179565,1.2469910383224487,0.6399999856948853,0.7809723019599915,0.49799999594688416,0.001
160,1.0339142084121704,0.6693333387374878,0.8268041014671326,0.5346666574478149,1.2143847942352295,0.6523333191871643,0.7997956871986389,0.5220000147819519,0.001
161,1.0380561351776123,0.6697777509689331,0.8246786594390869,0.5346666574478149,1.230483055114746,0.6476666927337646,0.8044180870056152,0.4976666569709778,0.001
162,1.0682865381240845,0.659333348274231,0.8095729947090149,0.5224444270133972,1.4044010639190674,0.6056666374206543,0.7411583662033081,0.4819999933242798,0.001
163,1.0328125953674316,0.6765555739402771,0.8260794281959534,0.5314444303512573,1.2546039819717407,0.6370000243186951,0.7877036333084106,0.49966666102409363,0.001
164,1.025127649307251,0.6763333082199097,0.8219363689422607,0.539555549621582,1.2307442426681519,0.6543333530426025,0.8067357540130615,0.5189999938011169,0.001
165,1.0151737928390503,0.6804444193840027,0.8203203082084656,0.5463333129882812,1.2290589809417725,0.6389999985694885,0.7890424728393555,0.5136666893959045,0.001
166,1.0126748085021973,0.6778888702392578,0.8199427127838135,0.5408889055252075,1.2716822624206543,0.6353333592414856,0.7829181551933289,0.5133333206176758,0.001
167,1.0076647996902466,0.6861110925674438,0.8313983082771301,0.5490000247955322,1.241870403289795,0.6383333206176758,0.804561972618103,0.5173333287239075,0.001
168,1.0130356550216675,0.6808888912200928,0.8217093348503113,0.5458889007568359,1.3171035051345825,0.6259999871253967,0.7614213228225708,0.5,0.001
169,1.0067925453186035,0.6805555820465088,0.8242070078849792,0.5485555529594421,1.2364243268966675,0.6399999856948853,0.7808846235275269,0.5120000243186951,0.001
170,1.0197855234146118,0.6787777543067932,0.8222147822380066,0.543666660785675,1.408266305923462,0.5866666436195374,0.7447677254676819,0.48633334040641785,0.001
171,1.0045526027679443,0.6823333501815796,0.8299663066864014,0.5477777719497681,1.1963502168655396,0.6586666703224182,0.8138722777366638,0.543666660785675,0.001
172,1.0380865335464478,0.6731111407279968,0.8155778646469116,0.5410000085830688,1.4290668964385986,0.5953333377838135,0.7626236081123352,0.4883333444595337,0.001
173,1.0008273124694824,0.6781111359596252,0.8263342976570129,0.5487777590751648,1.2562932968139648,0.6399999856948853,0.7827380895614624,0.5260000228881836,0.001
174,0.9851385354995728,0.6878888607025146,0.8237327337265015,0.5561110973358154,1.2770627737045288,0.6476666927337646,0.7884517312049866,0.5143333077430725,0.001
175,0.977204442024231,0.6912222504615784,0.8305983543395996,0.5567777752876282,1.291794776916504,0.6173333525657654,0.7592124938964844,0.5013333559036255,0.001
176,0.9966474771499634,0.684333324432373,0.8258417844772339,0.5532222390174866,1.21510648727417,0.6566666960716248,0.8110883235931396,0.5266666412353516,0.001
177,0.9944286942481995,0.6811110973358154,0.8210873007774353,0.5537777543067932,1.3298102617263794,0.6140000224113464,0.7611640691757202,0.5056666731834412,0.001
178,0.9933169484138489,0.6813333630561829,0.8263393640518188,0.5535555481910706,1.4309468269348145,0.5870000123977661,0.7253414392471313,0.4779999852180481,0.001
179,0.9997327327728271,0.6827777624130249,0.8251991868019104,0.5523333549499512,1.3085733652114868,0.6393333077430725,0.7781726121902466,0.5109999775886536,0.001
180,0.9837769269943237,0.6881111264228821,0.8250246047973633,0.5590000152587891,1.9720726013183594,0.5600000023841858,0.6695402264595032,0.4659999907016754,0.001
181,0.9808251857757568,0.6913333535194397,0.8306037783622742,0.5578888654708862,1.6241449117660522,0.5540000200271606,0.7064515948295593,0.43799999356269836,0.001
182,0.9904382824897766,0.6812222003936768,0.8266135454177856,0.5535555481910706,1.3271771669387817,0.6269999742507935,0.7664670944213867,0.5120000243186951,0.001
183,0.976645290851593,0.6924444437026978,0.8258950710296631,0.5613333582878113,1.6770612001419067,0.5899999737739563,0.6987427473068237,0.4816666543483734,0.001
184,0.9834039807319641,0.683555543422699,0.826642632484436,0.5605555772781372,1.3430949449539185,0.6263333559036255,0.7597208619117737,0.5080000162124634,0.001
185,0.9881455302238464,0.6864444613456726,0.8294214606285095,0.5575555562973022,1.2701263427734375,0.6413333415985107,0.795040488243103,0.5236666798591614,0.001
186,0.9773539304733276,0.6940000057220459,0.824131190776825,0.5638889074325562,1.2405098676681519,0.6523333191871643,0.7939698696136475,0.5266666412353516,0.001
187,0.9852414131164551,0.6855555772781372,0.8322899341583252,0.5613333582878113,1.3292852640151978,0.6366666555404663,0.7720156311988831,0.5260000228881836,0.001
188,0.977744996547699,0.6890000104904175,0.8244212865829468,0.5618888735771179,1.3448981046676636,0.6183333396911621,0.7803227305412292,0.49966666102409363,0.001
189,0.9853273630142212,0.6883333325386047,0.8219020962715149,0.5578888654708862,1.36827552318573,0.6023333072662354,0.7456499338150024,0.4856666624546051,0.001
190,0.9512782096862793,0.6964444518089294,0.8287283778190613,0.5698888897895813,1.2312142848968506,0.6413333415985107,0.7921686768531799,0.5260000228881836,0.001
191,0.95230633020401,0.6970000267028809,0.8342692255973816,0.5777778029441833,1.1932038068771362,0.6620000004768372,0.8059194684028625,0.5536666512489319,0.001
192,0.9594208002090454,0.6980000138282776,0.8316525816917419,0.5681111216545105,1.2899208068847656,0.6290000081062317,0.7725213766098022,0.5116666555404663,0.001
193,0.9652100801467896,0.6919999718666077,0.82431560754776,0.5687777996063232,1.2426247596740723,0.6510000228881836,0.7958984375,0.5433333516120911,0.001
194,0.9623674154281616,0.6937777996063232,0.8250243067741394,0.5663333535194397,1.4555655717849731,0.6196666955947876,0.7412047982215881,0.512666642665863,0.001
195,0.959345817565918,0.6957777738571167,0.8262337446212769,0.5711110830307007,1.2719186544418335,0.6266666650772095,0.7733795046806335,0.5210000276565552,0.001
196,0.9465169310569763,0.6997777819633484,0.8360975384712219,0.5713333487510681,1.3276158571243286,0.6203333139419556,0.7577701210975647,0.5120000243186951,0.001
197,0.9601801037788391,0.7039999961853027,0.8325596451759338,0.5778889060020447,1.2651790380477905,0.637666642665863,0.7627538442611694,0.5133333206176758,0.001
198,0.9720343947410583,0.6919999718666077,0.8324922919273376,0.5682222247123718,1.2021633386611938,0.6629999876022339,0.7965368032455444,0.5519999861717224,0.001
199,0.9371947646141052,0.7002221941947937,0.8267931938171387,0.5712222456932068,1.2925218343734741,0.6346666812896729,0.783996045589447,0.5323333144187927,0.001
200,0.9300375580787659,0.7035555839538574,0.8370417952537537,0.5809999704360962,1.184207797050476,0.6623333096504211,0.7956937551498413,0.5543333292007446,0.001
201,0.9279164671897888,0.7072222232818604,0.8399744033813477,0.5832222104072571,1.3010224103927612,0.621666669845581,0.7516746520996094,0.5236666798591614,0.001
202,0.9288577437400818,0.6993333101272583,0.8298312425613403,0.5792222023010254,1.265705943107605,0.640999972820282,0.7731859683990479,0.5363333225250244,0.001
203,0.9698978066444397,0.6928889155387878,0.8238863348960876,0.5733333230018616,1.2633259296417236,0.637666642665863,0.7776141166687012,0.527999997138977,0.001
204,0.9634490013122559,0.6957777738571167,0.8260588645935059,0.5677777528762817,1.2709234952926636,0.6443333625793457,0.7861299514770508,0.5403333306312561,0.001
205,0.9404945969581604,0.695888876914978,0.8319625854492188,0.5732222199440002,1.194050908088684,0.6633333563804626,0.7923627495765686,0.5533333420753479,0.001
206,0.8988485336303711,0.7098888754844666,0.8463357090950012,0.596666693687439,1.3064254522323608,0.640333354473114,0.7769571542739868,0.5260000228881836,0.001
207,0.9519410729408264,0.7021111249923706,0.8217728137969971,0.5778889060020447,1.2579894065856934,0.6386666893959045,0.7697145342826843,0.5303333401679993,0.001
208,0.9127464294433594,0.710777759552002,0.8356837034225464,0.5860000252723694,1.1941776275634766,0.6669999957084656,0.8015303611755371,0.5586666464805603,0.001
209,0.9273693561553955,0.7032222151756287,0.8271468877792358,0.5843333601951599,1.268717646598816,0.6443333625793457,0.779411792755127,0.5299999713897705,0.001
210,0.9185763597488403,0.7058888673782349,0.8328840732574463,0.5836666822433472,1.330761432647705,0.6306666731834412,0.7740195989608765,0.5263333320617676,0.001
211,0.9448376893997192,0.7004444599151611,0.829024612903595,0.5807777643203735,1.2572431564331055,0.637333333492279,0.7842003703117371,0.5426666736602783,0.001
212,0.8971171975135803,0.7118889093399048,0.8372902870178223,0.5877777934074402,1.313225269317627,0.6346666812896729,0.7682631611824036,0.5293333530426025,0.001
213,0.9276952147483826,0.7048888802528381,0.8377262353897095,0.586222231388092,1.1945909261703491,0.6596666574478149,0.7946127653121948,0.5506666898727417,0.001
214,0.9318720698356628,0.7018888592720032,0.8331502079963684,0.5897777676582336,1.8366860151290894,0.5743333101272583,0.6803588271141052,0.4803333282470703,0.001
215,0.906871497631073,0.7120000123977661,0.8397790193557739,0.5911111235618591,1.3848835229873657,0.6146666407585144,0.7492836713790894,0.5230000019073486,0.001
216,0.8902487754821777,0.7144444584846497,0.837644100189209,0.5973333120346069,1.2343368530273438,0.6493333578109741,0.7863984704017639,0.5473333597183228,0.001
217,0.9129651784896851,0.7076666951179504,0.8384906649589539,0.5901111364364624,1.2632946968078613,0.6586666703224182,0.7810077667236328,0.5373333096504211,0.001
218,0.8995822668075562,0.7135555744171143,0.8359655737876892,0.593999981880188,1.2760093212127686,0.6263333559036255,0.756015419960022,0.5236666798591614,0.001
219,0.9182733297348022,0.7076666951179504,0.8337236642837524,0.5933333039283752,1.1666961908340454,0.6740000247955322,0.8132295608520508,0.5573333501815796,0.001
220,0.8907891511917114,0.7165555357933044,0.84113609790802,0.5988888740539551,1.1897635459899902,0.6629999876022339,0.7952153086662292,0.5540000200271606,0.001
221,0.8778626918792725,0.7174444198608398,0.8462256789207458,0.6041111350059509,1.3570847511291504,0.609000027179718,0.7547261118888855,0.5189999938011169,0.001
222,0.8938214778900146,0.7120000123977661,0.8338782787322998,0.5951111316680908,1.2890061140060425,0.6353333592414856,0.7497598528862,0.5203333497047424,0.001
223,0.9266214370727539,0.7078889012336731,0.829942524433136,0.5937777757644653,1.2166776657104492,0.6683333516120911,0.7906755208969116,0.5540000200271606,0.001
224,0.8804407715797424,0.7185555696487427,0.8380086421966553,0.6041111350059509,1.1523369550704956,0.6776666641235352,0.8061224222183228,0.5793333053588867,0.001
225,0.8734831213951111,0.7204444408416748,0.8384768962860107,0.6067777872085571,1.2231367826461792,0.656333327293396,0.7811775803565979,0.5616666674613953,0.001
226,0.8894709944725037,0.7151111364364624,0.8408877849578857,0.597777783870697,1.2444895505905151,0.6489999890327454,0.7854424118995667,0.5503333210945129,0.001
227,0.8829115629196167,0.7132222056388855,0.8437838554382324,0.605555534362793,1.2014245986938477,0.6676666736602783,0.799614667892456,0.5533333420753479,0.001
228,0.8767407536506653,0.7181110978126526,0.8436290621757507,0.6054444313049316,1.1498607397079468,0.6809999942779541,0.8084309101104736,0.5753333568572998,0.001
229,0.8782777786254883,0.7205555438995361,0.8410565257072449,0.6050000190734863,1.426727056503296,0.6053333282470703,0.7203117609024048,0.5236666798591614,0.001
230,0.8649728298187256,0.7210000157356262,0.8404633402824402,0.6046666502952576,1.7321879863739014,0.5653333067893982,0.7120758295059204,0.47566667199134827,0.001
231,0.8577897548675537,0.7243333458900452,0.8433130979537964,0.6165555715560913,2.2076756954193115,0.5376666784286499,0.6282746195793152,0.4636666774749756,0.001
232,0.8895512223243713,0.7168889045715332,0.8357110023498535,0.6053333282470703,1.236942172050476,0.656333327293396,0.793907642364502,0.5559999942779541,0.001
233,0.853936493396759,0.7246666550636292,0.843721330165863,0.6136666536331177,1.2105700969696045,0.6566666960716248,0.7765858173370361,0.5550000071525574,0.001
234,0.858985185623169,0.7247777581214905,0.8418010473251343,0.6148889064788818,1.236290693283081,0.6623333096504211,0.7753488421440125,0.5556666851043701,0.001
235,0.8741057515144348,0.7178888916969299,0.8374580144882202,0.6091111302375793,1.2951264381408691,0.6366666555404663,0.7535277605056763,0.5339999794960022,0.001
236,0.8791534900665283,0.722777783870697,0.8413454294204712,0.6086666584014893,1.333949327468872,0.6146666407585144,0.7427772879600525,0.531333327293396,0.001
237,0.8632419109344482,0.72688889503479,0.8428332805633545,0.6161110997200012,1.1775609254837036,0.6776666641235352,0.8064669370651245,0.5653333067893982,0.001
238,0.8504726886749268,0.7291111350059509,0.8459442853927612,0.6211110949516296,1.4015321731567383,0.6236666440963745,0.7428842782974243,0.5220000147819519,0.001
239,0.8581292033195496,0.7247777581214905,0.8421692252159119,0.6159999966621399,1.1838675737380981,0.6616666913032532,0.7951197028160095,0.5756666660308838,0.001
240,0.8649898767471313,0.7215555310249329,0.8411773443222046,0.609666645526886,1.2889119386672974,0.6296666860580444,0.7502282857894897,0.5476666688919067,0.001
241,0.8491740822792053,0.7232221961021423,0.838601291179657,0.6102222204208374,1.3676741123199463,0.6236666440963745,0.7480204701423645,0.5353333353996277,0.001
242,0.8488631248474121,0.7297777533531189,0.8474114537239075,0.621999979019165,1.2055953741073608,0.6666666865348816,0.7961664199829102,0.5676666498184204,0.001
243,0.8362433910369873,0.7324444651603699,0.8469218015670776,0.6221110820770264,1.2356626987457275,0.6516666412353516,0.7852760553359985,0.5546666383743286,0.001
244,0.8213430047035217,0.7366666793823242,0.8473418354988098,0.6340000033378601,1.4003506898880005,0.6110000014305115,0.7459484934806824,0.5216666460037231,0.001
245,0.8573952913284302,0.726111114025116,0.8443668484687805,0.617888867855072,1.318805456161499,0.637666642665863,0.7599999904632568,0.5446666479110718,0.001
246,0.8499253988265991,0.7266666889190674,0.8410356640815735,0.6207777857780457,1.3213189840316772,0.6173333525657654,0.7467933297157288,0.5239999890327454,0.001
247,0.8431915640830994,0.7274444699287415,0.8333582878112793,0.6190000176429749,1.231346607208252,0.6573333144187927,0.7811785936355591,0.5699999928474426,0.001
248,0.8250170350074768,0.7353333234786987,0.8454845547676086,0.6262221932411194,1.2492072582244873,0.6553333401679993,0.7726218104362488,0.5550000071525574,0.001
249,0.8362387418746948,0.7390000224113464,0.8473581075668335,0.6254444718360901,1.214059829711914,0.6653333306312561,0.800094723701477,0.5630000233650208,0.001
250,0.8357681035995483,0.7352222204208374,0.8490453362464905,0.632444441318512,1.262739658355713,0.659333348274231,0.7666816115379333,0.5706666707992554,0.001
251,0.8244951367378235,0.738111138343811,0.8469128608703613,0.629444420337677,1.2742013931274414,0.6420000195503235,0.7705992460250854,0.5486666560173035,0.001
252,0.8328173756599426,0.7301111221313477,0.846327543258667,0.6247777938842773,1.2755411863327026,0.6496666669845581,0.7827102541923523,0.5583333373069763,0.001
253,0.8386427164077759,0.7352222204208374,0.8463502526283264,0.6261110901832581,1.4588649272918701,0.5923333168029785,0.7170616388320923,0.5043333172798157,0.001
254,0.8495572209358215,0.7296666502952576,0.8439090251922607,0.6265555620193481,1.2988364696502686,0.6343333125114441,0.7496503591537476,0.5360000133514404,0.001
255,0.7986690998077393,0.7452222108840942,0.8561204671859741,0.6380000114440918,1.2826191186904907,0.6496666669845581,0.7744044661521912,0.5526666641235352,0.001
256,0.8218473792076111,0.742111086845398,0.854250431060791,0.6375555396080017,1.144638180732727,0.6833333373069763,0.804777204990387,0.5839999914169312,0.001
257,0.8009799122810364,0.7377777695655823,0.848677396774292,0.6381111145019531,1.227816104888916,0.6589999794960022,0.7833256721496582,0.5699999928474426,0.001
258,0.8119158148765564,0.7385555505752563,0.847191333770752,0.6351110935211182,1.2721879482269287,0.6413333415985107,0.7569412589073181,0.5543333292007446,0.001
259,0.8210077285766602,0.7336666584014893,0.8413289785385132,0.6274444460868835,1.2879302501678467,0.6399999856948853,0.7510259747505188,0.5490000247955322,0.001
260,0.8241205215454102,0.738777756690979,0.8470640182495117,0.6363333463668823,1.256196141242981,0.6503333449363708,0.7701520323753357,0.5573333501815796,0.001
261,0.8127964735031128,0.7390000224113464,0.8471525311470032,0.6380000114440918,1.1996228694915771,0.6666666865348816,0.7886621356010437,0.5796666741371155,0.001
262,0.8157575726509094,0.7431111335754395,0.8459946513175964,0.6359999775886536,1.3171645402908325,0.6399999856948853,0.7547841668128967,0.5653333067893982,0.001
263,0.8135300278663635,0.7362222075462341,0.8503350615501404,0.6344444155693054,1.5467445850372314,0.6056666374206543,0.7107664346694946,0.5193333625793457,0.001
264,0.7901486754417419,0.746222198009491,0.8525716066360474,0.6483333110809326,1.3301557302474976,0.6303333044052124,0.7469990849494934,0.5393333435058594,0.001
265,0.811935544013977,0.742222249507904,0.845058023929596,0.6393333077430725,1.169621467590332,0.6733333468437195,0.7908555865287781,0.5823333263397217,0.001
266,0.8035501837730408,0.7401111125946045,0.8496240377426147,0.640333354473114,1.224122166633606,0.6610000133514404,0.7778789401054382,0.5696666836738586,0.001
267,0.785036027431488,0.7444444298744202,0.8531612157821655,0.6462222337722778,1.2762264013290405,0.6493333578109741,0.7678328156471252,0.5633333325386047,0.001
268,0.7810649871826172,0.7482222318649292,0.8575439453125,0.644777774810791,1.5354740619659424,0.5923333168029785,0.7097222208976746,0.5109999775886536,0.001
269,0.7821239829063416,0.7508888840675354,0.8552688956260681,0.6520000100135803,1.2135549783706665,0.6713333129882812,0.7836387753486633,0.5843333601951599,0.001
270,0.8134440779685974,0.7369999885559082,0.8447368144989014,0.6420000195503235,1.2026209831237793,0.6700000166893005,0.7891620993614197,0.5776666402816772,0.001
271,0.8015885353088379,0.7433333396911621,0.854274332523346,0.6428889036178589,1.1949275732040405,0.6696666479110718,0.785969614982605,0.5863333344459534,0.001
272,0.7776185870170593,0.7509999871253967,0.8564079999923706,0.6474444270133972,1.3166158199310303,0.6430000066757202,0.7536231875419617,0.5546666383743286,0.001
273,0.762633740901947,0.7555555701255798,0.8606367707252502,0.6607778072357178,1.3925069570541382,0.6110000014305115,0.725902259349823,0.5296666622161865,0.001
274,0.7751411199569702,0.7572222352027893,0.8629597425460815,0.6570000052452087,1.2211512327194214,0.6643333435058594,0.7878245115280151,0.5866666436195374,0.001
275,0.7988058924674988,0.7390000224113464,0.8492889404296875,0.643666684627533,1.2350865602493286,0.6656666398048401,0.7804768085479736,0.57833331823349,0.001
276,0.7773666381835938,0.7492222189903259,0.8493510484695435,0.6471111178398132,1.419766902923584,0.6066666841506958,0.7147335410118103,0.5320000052452087,0.001
277,0.7596471309661865,0.7531111240386963,0.8575981259346008,0.6577777862548828,1.2977101802825928,0.6483333110809326,0.7695810794830322,0.5633333325386047,0.001
278,0.7478991150856018,0.7594444155693054,0.8610110878944397,0.664222240447998,1.3234959840774536,0.6380000114440918,0.7638190984725952,0.5573333501815796,0.001
279,0.794112503528595,0.7459999918937683,0.8490320444107056,0.652999997138977,1.352504849433899,0.6343333125114441,0.756843090057373,0.5529999732971191,0.001
280,0.7892265319824219,0.7480000257492065,0.8538405299186707,0.6484444737434387,1.1961636543273926,0.6769999861717224,0.7888888716697693,0.5916666388511658,0.001
281,0.7829812169075012,0.7480000257492065,0.8526162505149841,0.6517778038978577,1.293561339378357,0.6516666412353516,0.7589367628097534,0.5519999861717224,0.001
282,0.7970404624938965,0.7434444427490234,0.8506827354431152,0.6437777876853943,1.4093880653381348,0.6386666893959045,0.7471110820770264,0.5603333115577698,0.001
283,0.7786584496498108,0.7522222399711609,0.8552154302597046,0.6549999713897705,1.2012622356414795,0.6693333387374878,0.7833629846572876,0.5870000123977661,0.001
284,0.7774117588996887,0.7482222318649292,0.8520192503929138,0.6493333578109741,1.3255980014801025,0.6273333430290222,0.7521759271621704,0.5473333597183228,0.001
285,0.7575368881225586,0.757444441318512,0.8545899987220764,0.6588888764381409,1.374452829360962,0.6193333268165588,0.7366051077842712,0.5453333258628845,0.001
286,0.7672625184059143,0.7505555748939514,0.8525798320770264,0.6554444432258606,1.2508488893508911,0.6650000214576721,0.7717879414558411,0.5726666450500488,0.001
287,0.7572259902954102,0.7552222013473511,0.8617584109306335,0.6697777509689331,1.1779617071151733,0.6923333406448364,0.7974628210067749,0.6076666712760925,0.001
288,0.7762365937232971,0.753777801990509,0.854529619216919,0.6539999842643738,1.205073356628418,0.668666660785675,0.7831918001174927,0.5839999914169312,0.001
289,0.7497170567512512,0.7604444622993469,0.8617909550666809,0.6651111245155334,1.2128976583480835,0.6690000295639038,0.7708150744438171,0.5863333344459534,0.001
290,0.7882275581359863,0.7478888630867004,0.8493566513061523,0.6527777910232544,1.3543727397918701,0.6336666941642761,0.7529572248458862,0.5516666769981384,0.001
291,0.7488622665405273,0.7594444155693054,0.8577340245246887,0.667888879776001,1.2407938241958618,0.6646666526794434,0.7797592282295227,0.5830000042915344,0.001
292,0.7515231370925903,0.761888861656189,0.8621629476547241,0.667888879776001,1.54533851146698,0.6083333492279053,0.7186517119407654,0.5329999923706055,0.001
293,0.7534961700439453,0.7601110935211182,0.8619694113731384,0.6633333563804626,1.8047401905059814,0.5596666932106018,0.6633257269859314,0.48533332347869873,0.001
294,0.7387307286262512,0.7606666684150696,0.8597595691680908,0.667555570602417,1.3450427055358887,0.6353333592414856,0.7492077946662903,0.5516666769981384,0.001
295,0.764785885810852,0.7587777972221375,0.8567103743553162,0.6603333353996277,1.1702280044555664,0.687666654586792,0.7921673059463501,0.5933333039283752,0.001
296,0.7715281248092651,0.7476666569709778,0.8505482077598572,0.6551111340522766,1.2894858121871948,0.6539999842643738,0.7641211152076721,0.5636666417121887,0.001
297,0.7309898734092712,0.7647777795791626,0.8671438694000244,0.6729999780654907,1.3349030017852783,0.6449999809265137,0.7622988224029541,0.5526666641235352,0.001
298,0.7570939660072327,0.7565555572509766,0.8549081683158875,0.6618888974189758,1.5562620162963867,0.581333339214325,0.6999531388282776,0.4976666569709778,0.001
299,0.7432450652122498,0.7642222046852112,0.8613337278366089,0.6687777638435364,1.2356882095336914,0.675000011920929,0.778223991394043,0.581333339214325,0.001
300,0.7458012700080872,0.7603333592414856,0.8581843972206116,0.6669999957084656,1.2605913877487183,0.6613333225250244,0.7721801400184631,0.5773333311080933,0.001
301,0.7620537281036377,0.7535555362701416,0.8542147874832153,0.6575555801391602,1.232650637626648,0.6723333597183228,0.7877714037895203,0.5926666855812073,0.001
302,0.74884432554245,0.7572222352027893,0.8551468253135681,0.6664444208145142,1.208857536315918,0.671999990940094,0.7779249548912048,0.5873333215713501,0.001
303,0.7251989841461182,0.7637777924537659,0.8603391647338867,0.6707777976989746,1.2966597080230713,0.6443333625793457,0.7478147149085999,0.5703333616256714,0.001
304,0.7308115363121033,0.7641111016273499,0.8673762679100037,0.6700000166893005,1.233112096786499,0.6610000133514404,0.772706925868988,0.5756666660308838,0.001
305,0.7343036532402039,0.7652222514152527,0.8587466478347778,0.6714444160461426,1.266059398651123,0.6583333611488342,0.7764172554016113,0.5706666707992554,0.001
306,0.7452582716941833,0.761555552482605,0.8590055704116821,0.6661111116409302,1.2902116775512695,0.6546666622161865,0.7625388503074646,0.5726666450500488,0.001
307,0.6673158407211304,0.7871111035346985,0.8804439306259155,0.6963333487510681,1.209104061126709,0.6786666512489319,0.7865771651268005,0.5860000252723694,0.0005
308,0.6743237376213074,0.7835555672645569,0.8786216378211975,0.6941111087799072,1.1342709064483643,0.6993333101272583,0.8002610802650452,0.6129999756813049,0.0005
309,0.6716550588607788,0.7896666526794434,0.88004469871521,0.7002221941947937,1.2029271125793457,0.6793333292007446,0.7876144647598267,0.6019999980926514,0.0005
310,0.6336943507194519,0.7976666688919067,0.8889198899269104,0.7086666822433472,1.143276333808899,0.6996666789054871,0.7952013611793518,0.6186666488647461,0.0005
311,0.6540589928627014,0.7922222018241882,0.8844051957130432,0.7013333439826965,1.1666761636734009,0.6899999976158142,0.7924039959907532,0.6119999885559082,0.0005
312,0.6377456784248352,0.7962222099304199,0.8889816403388977,0.7099999785423279,1.179250955581665,0.6883333325386047,0.793657660484314,0.609000027179718,0.0005
313,0.6396978497505188,0.7946666479110718,0.8817576766014099,0.7067777514457703,1.1904810667037964,0.6826666593551636,0.7988454699516296,0.5996666550636292,0.0005
314,0.6397780776023865,0.7979999780654907,0.8869528770446777,0.7070000171661377,1.2570109367370605,0.6643333435058594,0.772333025932312,0.593666672706604,0.0005
315,0.6189883351325989,0.804111123085022,0.8914482593536377,0.7181110978126526,1.2066720724105835,0.6826666593551636,0.7817172408103943,0.6100000143051147,0.0005
316,0.6277136206626892,0.8034444451332092,0.8916907906532288,0.718999981880188,1.2273201942443848,0.6756666898727417,0.7833840847015381,0.6003333330154419,0.0005
317,0.6382197737693787,0.7956666946411133,0.8844234943389893,0.7091110944747925,1.1972217559814453,0.6726666688919067,0.7773987054824829,0.6076666712760925,0.0005
318,0.6249682307243347,0.7982222437858582,0.8878837823867798,0.7197777628898621,1.1992989778518677,0.6790000200271606,0.7859603762626648,0.6083333492279053,0.0005
319,0.6168251037597656,0.8071110844612122,0.8907111287117004,0.7181110978126526,1.1788146495819092,0.6913333535194397,0.7872157692909241,0.6116666793823242,0.0005
320,0.6126422882080078,0.8068888783454895,0.8904579281806946,0.721666693687439,1.1689633131027222,0.6890000104904175,0.785200834274292,0.6190000176429749,0.0005
321,0.6239228248596191,0.8017777800559998,0.891193151473999,0.7162222266197205,1.1104539632797241,0.7049999833106995,0.799321174621582,0.628000020980835,0.0005
322,0.6179317831993103,0.80522221326828,0.8918918967247009,0.7260000109672546,1.2048940658569336,0.675000011920929,0.775965690612793,0.6026666760444641,0.0005
323,0.6388344764709473,0.7963333129882812,0.8863354921340942,0.715666651725769,1.1587976217269897,0.6943333148956299,0.7900340557098389,0.6183333396911621,0.0005
324,0.6353013515472412,0.8009999990463257,0.8887362480163574,0.7188888788223267,1.181194543838501,0.6826666593551636,0.784799337387085,0.612666666507721,0.0005
325,0.6298435926437378,0.8023333549499512,0.8864539265632629,0.7191110849380493,1.2260122299194336,0.6790000200271606,0.7777777910232544,0.6066666841506958,0.0005
326,0.617953360080719,0.8024444580078125,0.8884038329124451,0.7235555648803711,1.3783100843429565,0.6316666603088379,0.744404673576355,0.5543333292007446,0.0005
327,0.6215472221374512,0.8031111359596252,0.88707035779953,0.7226666808128357,1.1410887241363525,0.699999988079071,0.802901029586792,0.6273333430290222,0.0005
328,0.6046004891395569,0.812333345413208,0.8951876163482666,0.7316666841506958,1.124233365058899,0.7089999914169312,0.8093616962432861,0.6340000033378601,0.0005
329,0.6049804091453552,0.8055555820465088,0.8941965699195862,0.7258889079093933,1.1571052074432373,0.6993333101272583,0.7946127653121948,0.6293333172798157,0.0005
330,0.6346033811569214,0.7981111407279968,0.8841730356216431,0.717555582523346,1.2019990682601929,0.675000011920929,0.7785898447036743,0.6036666631698608,0.0005
331,0.6190339922904968,0.8061110973358154,0.8869941830635071,0.7282222509384155,1.153949499130249,0.6990000009536743,0.7931181192398071,0.6223333477973938,0.0005
332,0.612053632736206,0.8073333501815796,0.8906954526901245,0.7243333458900452,1.1189045906066895,0.7076666951179504,0.7988945841789246,0.6263333559036255,0.0005
333,0.5915493369102478,0.8148888945579529,0.892789363861084,0.7318888902664185,1.1931699514389038,0.6773333549499512,0.7847882509231567,0.6053333282470703,0.0005
334,0.6020643711090088,0.8091111183166504,0.8918992280960083,0.7278888821601868,1.2331680059432983,0.6819999814033508,0.780570924282074,0.6106666922569275,0.0005
335,0.6075605154037476,0.8067777752876282,0.887221097946167,0.7289999723434448,1.1369991302490234,0.7006666660308838,0.7964867353439331,0.6196666955947876,0.0005
336,0.6028037071228027,0.8087777495384216,0.8936228156089783,0.7271111011505127,1.1970295906066895,0.6896666884422302,0.7918803691864014,0.6176666617393494,0.0005
337,0.6028965711593628,0.8115555644035339,0.890461266040802,0.7271111011505127,1.1017590761184692,0.7086666822433472,0.7953507900238037,0.6386666893959045,0.0005
338,0.6257367730140686,0.8101111054420471,0.8912689685821533,0.7304444313049316,1.1994743347167969,0.6903333067893982,0.7850106954574585,0.6110000014305115,0.0005
339,0.6040898561477661,0.8103333115577698,0.8901710510253906,0.7285555601119995,1.1844757795333862,0.6896666884422302,0.7844462990760803,0.6186666488647461,0.0005
340,0.5873642563819885,0.8154444694519043,0.8953127264976501,0.7364444732666016,1.1871815919876099,0.6959999799728394,0.7867956161499023,0.6236666440963745,0.0005
341,0.5836522579193115,0.8166666626930237,0.8948428630828857,0.7403333187103271,1.2341676950454712,0.6766666769981384,0.7766907811164856,0.6086666584014893,0.0005
342,0.5904284119606018,0.8131111264228821,0.8926363587379456,0.738111138343811,1.149617314338684,0.699999988079071,0.7898947596549988,0.625333309173584,0.0005
343,0.580590546131134,0.816777765750885,0.8965517282485962,0.7366666793823242,1.2528210878372192,0.675000011920929,0.7669456005096436,0.6110000014305115,0.0005
344,0.5955339670181274,0.8105555772781372,0.8875555992126465,0.7314444184303284,1.1487258672714233,0.7046666741371155,0.796954333782196,0.628000020980835,0.0005
345,0.5918808579444885,0.8161110877990723,0.8951472043991089,0.7398889064788818,1.1619023084640503,0.6949999928474426,0.7932059168815613,0.6226666569709778,0.0005
346,0.5899847745895386,0.812666654586792,0.8926165699958801,0.7361111044883728,1.1865830421447754,0.687666654586792,0.7791282534599304,0.6196666955947876,0.0005
347,0.5730943083763123,0.8171111345291138,0.8949972987174988,0.7434444427490234,1.1824150085449219,0.6926666498184204,0.7836477756500244,0.6230000257492065,0.0005
348,0.5906513929367065,0.8147777915000916,0.8887548446655273,0.7367777824401855,1.1647827625274658,0.6983333230018616,0.7896060347557068,0.628000020980835,0.0005
349,0.572113037109375,0.8168888688087463,0.8940654993057251,0.7398889064788818,1.1517107486724854,0.6976666450500488,0.7850967645645142,0.6356666684150696,0.0005
350,0.5897908806800842,0.8142222166061401,0.8909212946891785,0.7360000014305115,1.1274988651275635,0.7099999785423279,0.7938144207000732,0.6416666507720947,0.0005
351,0.575579822063446,0.8177777528762817,0.8917223215103149,0.742111086845398,1.2186603546142578,0.6773333549499512,0.7675585150718689,0.6119999885559082,0.0005
352,0.5912025570869446,0.8117777705192566,0.8882749080657959,0.7323333621025085,1.3227858543395996,0.6606666445732117,0.7435572743415833,0.5866666436195374,0.0005
353,0.579969048500061,0.8165555596351624,0.8952928781509399,0.7438889145851135,1.1564648151397705,0.6959999799728394,0.7869401574134827,0.6266666650772095,0.0005
354,0.5710292458534241,0.8172222375869751,0.8965055346488953,0.7440000176429749,1.183753252029419,0.6930000185966492,0.7866442799568176,0.6243333220481873,0.0005
355,0.5731214880943298,0.8195555806159973,0.8937475085258484,0.7448889017105103,1.1657688617706299,0.6949999928474426,0.7794361710548401,0.6266666650772095,0.0005
356,0.5866281986236572,0.8124444484710693,0.8895457983016968,0.7355555295944214,1.2307732105255127,0.6786666512489319,0.7732388377189636,0.6183333396911621,0.0005
357,0.5913848280906677,0.8159999847412109,0.8921778798103333,0.7401111125946045,1.182650089263916,0.6893333196640015,0.781879186630249,0.6213333606719971,0.0005
358,0.5826931595802307,0.8184444308280945,0.8977867364883423,0.7436666488647461,1.17391836643219,0.6976666450500488,0.7911764979362488,0.6276666522026062,0.0005
359,0.5700376629829407,0.8175555467605591,0.8912783861160278,0.7459999918937683,1.1452327966690063,0.7053333520889282,0.7904092669487,0.637333333492279,0.0005
360,0.5771093964576721,0.8138889074325562,0.8928045034408569,0.7403333187103271,1.1408424377441406,0.7073333263397217,0.7993324995040894,0.6386666893959045,0.0005
361,0.5779154300689697,0.8176666498184204,0.8918631076812744,0.7441111207008362,1.2277907133102417,0.6783333420753479,0.7727465033531189,0.6086666584014893,0.0005
362,0.5907405018806458,0.8069999814033508,0.8848428130149841,0.7316666841506958,1.1798558235168457,0.7013333439826965,0.7850858569145203,0.624666690826416,0.0005
363,0.5710521936416626,0.8215555548667908,0.8964595794677734,0.745555579662323,1.2103347778320312,0.6816666722297668,0.7796467542648315,0.6179999709129333,0.0005
364,0.5784729719161987,0.8206666707992554,0.8969842791557312,0.7468888759613037,1.2268952131271362,0.6819999814033508,0.7725340127944946,0.6056666374206543,0.0005
365,0.576407790184021,0.8143333196640015,0.8900850415229797,0.7441111207008362,1.170645833015442,0.7020000219345093,0.7861029505729675,0.6259999871253967,0.0005
366,0.5703854560852051,0.8204444646835327,0.8947857022285461,0.7493333220481873,1.1379520893096924,0.7103333473205566,0.7999162673950195,0.6370000243186951,0.0005
367,0.5502660274505615,0.8270000219345093,0.901098906993866,0.7562222480773926,1.1759451627731323,0.6896666884422302,0.7781484723091125,0.621999979019165,0.0005
368,0.564287543296814,0.8177777528762817,0.8922179341316223,0.7477777600288391,1.7345128059387207,0.6086666584014893,0.6959431171417236,0.5546666383743286,0.0005
369,0.5787490010261536,0.8163333535194397,0.8893464207649231,0.7438889145851135,1.3247650861740112,0.652999997138977,0.7524415850639343,0.590666651725769,0.0005
370,0.5869284272193909,0.8137778043746948,0.8893634080886841,0.7404444217681885,1.203110933303833,0.6866666674613953,0.7762384414672852,0.6163333058357239,0.0005
371,0.5725478529930115,0.81977778673172,0.8936992287635803,0.7454444169998169,1.2004526853561401,0.6959999799728394,0.7794724106788635,0.6303333044052124,0.0005
372,0.5527045130729675,0.823888897895813,0.8930041193962097,0.7474444508552551,1.2883514165878296,0.6679999828338623,0.7634590864181519,0.6003333330154419,0.0005
373,0.5705645084381104,0.8145555257797241,0.887869119644165,0.7416666746139526,1.1517724990844727,0.7073333263397217,0.7934330701828003,0.6363333463668823,0.0005
374,0.5617377161979675,0.8236666917800903,0.8957071304321289,0.7557777762413025,1.3029839992523193,0.6666666865348816,0.7630230784416199,0.5956666469573975,0.0005
375,0.559369683265686,0.81977778673172,0.8945125341415405,0.746222198009491,1.1639915704727173,0.7009999752044678,0.7840297818183899,0.6316666603088379,0.0005
376,0.5886744856834412,0.8137778043746948,0.8916321992874146,0.7423333525657654,1.1839444637298584,0.6933333277702332,0.7846410870552063,0.6266666650772095,0.0005
377,0.556002676486969,0.8221111297607422,0.8959383964538574,0.75,1.1951789855957031,0.6949999928474426,0.7850660085678101,0.6343333125114441,0.0005
378,0.5350701808929443,0.8302222490310669,0.9074516296386719,0.7604444622993469,1.2613286972045898,0.6710000038146973,0.755018413066864,0.6143333315849304,0.0005
379,0.5608686208724976,0.8253333568572998,0.8963778614997864,0.7506666779518127,1.1311596632003784,0.7070000171661377,0.7912721037864685,0.640666663646698,0.0005
380,0.5588473677635193,0.8185555338859558,0.8946250677108765,0.7490000128746033,1.1648763418197632,0.6996666789054871,0.787966787815094,0.6330000162124634,0.0005
381,0.5605500936508179,0.8216666579246521,0.896515429019928,0.7575555443763733,1.1929419040679932,0.6903333067893982,0.783850908279419,0.6309999823570251,0.0005
382,0.5452343225479126,0.8259999752044678,0.8981335163116455,0.7592222094535828,1.183794379234314,0.6966666579246521,0.7882105112075806,0.6240000128746033,0.0005
383,0.5500261783599854,0.8245555758476257,0.8971691727638245,0.757111132144928,1.187558650970459,0.690666675567627,0.7759966850280762,0.6293333172798157,0.0005
384,0.543570339679718,0.8266666531562805,0.8998412489891052,0.7556666731834412,1.2563772201538086,0.6779999732971191,0.7622349262237549,0.6230000257492065,0.0005
385,0.5486919283866882,0.8265555500984192,0.8951443433761597,0.757888913154602,1.1645877361297607,0.6986666917800903,0.7806584239006042,0.6323333382606506,0.0005
386,0.5622509717941284,0.8246666789054871,0.8967241048812866,0.7573333382606506,1.177560567855835,0.6976666450500488,0.7855072617530823,0.6323333382606506,0.0005
387,0.5602332949638367,0.8253333568572998,0.8965517282485962,0.7511110901832581,1.2377891540527344,0.6883333325386047,0.7775912880897522,0.6176666617393494,0.0005
388,0.5270054340362549,0.8392221927642822,0.9048490524291992,0.7692221999168396,1.1244841814041138,0.7153333425521851,0.7972972989082336,0.6489999890327454,0.00025
389,0.5043320059776306,0.8460000157356262,0.9115504622459412,0.7786666750907898,1.1229711771011353,0.7160000205039978,0.800656259059906,0.6506666541099548,0.00025
390,0.5115523338317871,0.8424444198608398,0.9084378480911255,0.772777795791626,1.122437834739685,0.7176666855812073,0.800984799861908,0.6506666541099548,0.00025
391,0.512152373790741,0.8388888835906982,0.9079498052597046,0.7715555429458618,1.1609286069869995,0.7053333520889282,0.7917184233665466,0.637333333492279,0.00025
392,0.4821789860725403,0.8495555520057678,0.9129311442375183,0.7852222323417664,1.1169568300247192,0.7193333506584167,0.7981315851211548,0.6549999713897705,0.00025
393,0.4994804263114929,0.8451111316680908,0.9123104810714722,0.7756666541099548,1.1709390878677368,0.7093333601951599,0.7903291583061218,0.6483333110809326,0.00025
394,0.5203986763954163,0.835777759552002,0.9053503274917603,0.7652222514152527,1.1407030820846558,0.718666672706604,0.7940698862075806,0.6516666412353516,0.00025
395,0.5080259442329407,0.8432222008705139,0.9097195267677307,0.7747777700424194,1.1358966827392578,0.7183333039283752,0.7954087853431702,0.6583333611488342,0.00025
396,0.5094460844993591,0.8414444327354431,0.9074941277503967,0.7749999761581421,1.127863883972168,0.7193333506584167,0.8023878335952759,0.6496666669845581,0.00025
397,0.5120574831962585,0.8447777628898621,0.9070008993148804,0.7758888602256775,1.1616443395614624,0.7120000123977661,0.7928776144981384,0.6456666588783264,0.00025
398,0.4944746196269989,0.8475555777549744,0.91254061460495,0.7802222371101379,1.1286582946777344,0.7173333168029785,0.793843686580658,0.653333306312561,0.00025
399,0.4996925890445709,0.8475555777549744,0.9133489727973938,0.7799999713897705,1.1502444744110107,0.7070000171661377,0.7909719347953796,0.6483333110809326,0.00025
400,0.48966383934020996,0.8454444408416748,0.9120779037475586,0.7803333401679993,1.164374589920044,0.7056666612625122,0.7847533822059631,0.6416666507720947,0.00025
401,0.5124611258506775,0.8392221927642822,0.9058197140693665,0.7747777700424194,1.1624159812927246,0.7093333601951599,0.7925683856010437,0.6470000147819519,0.00025
402,0.5060743689537048,0.8396666646003723,0.9064244031906128,0.7760000228881836,1.1394846439361572,0.7149999737739563,0.7943581342697144,0.6476666927337646,0.00025
403,0.5103384852409363,0.8387777805328369,0.9114590287208557,0.769777774810791,1.1527094841003418,0.7093333601951599,0.794987678527832,0.6449999809265137,0.00025
404,0.4974442422389984,0.8437777757644653,0.9059585332870483,0.7771111130714417,1.127752423286438,0.7129999995231628,0.7994292974472046,0.6536666750907898,0.00025
405,0.47989603877067566,0.8474444150924683,0.9107211828231812,0.784333348274231,1.1608736515045166,0.7083333134651184,0.7827150225639343,0.6399999856948853,0.00025
406,0.48598670959472656,0.847000002861023,0.9114529490470886,0.7834444642066956,1.1260998249053955,0.7143333554267883,0.7970778942108154,0.6546666622161865,0.00025
407,0.5070217847824097,0.8442222476005554,0.9086681604385376,0.7815555334091187,1.137995958328247,0.7139999866485596,0.7992700934410095,0.6570000052452087,0.00025
408,0.4868834614753723,0.8502222299575806,0.9133583307266235,0.7847777605056763,1.1661142110824585,0.7026666402816772,0.7851372957229614,0.6480000019073486,0.00025
409,0.48242974281311035,0.8519999980926514,0.9158262014389038,0.7870000004768372,1.143522024154663,0.7110000252723694,0.7971544861793518,0.6536666750907898,0.00025
410,0.4800657629966736,0.8564444184303284,0.9157692193984985,0.793666660785675,1.1234853267669678,0.718999981880188,0.7945041656494141,0.6650000214576721,0.00025
411,0.48089340329170227,0.85188889503479,0.914330005645752,0.7862222194671631,1.1344789266586304,0.7139999866485596,0.7963414788246155,0.652999997138977,0.00025
412,0.4781917929649353,0.8487777709960938,0.9105501770973206,0.7815555334091187,1.1726163625717163,0.7083333134651184,0.7858312726020813,0.6396666765213013,0.00025
413,0.48523715138435364,0.8543333411216736,0.9123414158821106,0.7910000085830688,1.1326885223388672,0.7153333425521851,0.7910386919975281,0.6473333239555359,0.00025
414,0.4926694929599762,0.8489999771118164,0.9146735668182373,0.7861111164093018,1.122190237045288,0.7200000286102295,0.7984683513641357,0.6603333353996277,0.00025
415,0.4802732765674591,0.8485555648803711,0.9133695363998413,0.7848888635635376,1.1487737894058228,0.718999981880188,0.7964673042297363,0.6613333225250244,0.00025
416,0.48779264092445374,0.8479999899864197,0.908833384513855,0.7842222452163696,1.1380869150161743,0.7170000076293945,0.7925746440887451,0.6546666622161865,0.00025
417,0.47756874561309814,0.8541111350059509,0.9171628355979919,0.7873333096504211,1.1784826517105103,0.7096666693687439,0.7880633473396301,0.6470000147819519,0.00025
418,0.47299331426620483,0.8553333282470703,0.9158505201339722,0.7896666526794434,1.1553432941436768,0.7236666679382324,0.7963855266571045,0.6610000133514404,0.00025
419,0.48070377111434937,0.855222225189209,0.9140254259109497,0.7914444208145142,1.1702877283096313,0.7136666774749756,0.7888174057006836,0.6536666750907898,0.00025
420,0.4885203540325165,0.8496666550636292,0.9097802042961121,0.7865555286407471,1.1485689878463745,0.7153333425521851,0.7949959635734558,0.6566666960716248,0.00025
421,0.49050867557525635,0.8432222008705139,0.906426727771759,0.7835555672645569,1.145146131515503,0.7196666598320007,0.7954820394515991,0.6573333144187927,0.00025
422,0.479935884475708,0.850777804851532,0.911810040473938,0.789222240447998,1.1659114360809326,0.7153333425521851,0.7945705056190491,0.6536666750907898,0.00025
423,0.4759507477283478,0.8572221994400024,0.9168804287910461,0.7942222356796265,1.1347568035125732,0.7173333168029785,0.7978119850158691,0.656333327293396,0.00025
424,0.48280030488967896,0.851111114025116,0.9117571115493774,0.7875555753707886,1.173143744468689,0.7059999704360962,0.7904606461524963,0.6463333368301392,0.00025
425,0.500931441783905,0.8429999947547913,0.9076129198074341,0.7815555334091187,1.1555044651031494,0.7126666903495789,0.7979633212089539,0.652999997138977,0.00025
426,0.4807009994983673,0.8527777791023254,0.9160569906234741,0.7929999828338623,1.141431212425232,0.718666672706604,0.7924224138259888,0.6553333401679993,0.00025
427,0.4908151626586914,0.846666693687439,0.9121586680412292,0.7868888974189758,1.1908724308013916,0.7016666531562805,0.7794294953346252,0.6466666460037231,0.00025
428,0.5010309219360352,0.8457777500152588,0.9129250049591064,0.7816666960716248,1.1827701330184937,0.7110000252723694,0.7896019220352173,0.6480000019073486,0.00025
429,0.4941975474357605,0.846666693687439,0.9080830216407776,0.7826666831970215,1.1724382638931274,0.7153333425521851,0.7858299612998962,0.6470000147819519,0.00025
430,0.4896782636642456,0.8467777967453003,0.9118828773498535,0.7818889021873474,1.1735953092575073,0.7036666870117188,0.7861201167106628,0.6456666588783264,0.00025
431,0.48014500737190247,0.852222204208374,0.9109405279159546,0.7910000085830688,1.1583455801010132,0.7066666483879089,0.7882447838783264,0.6526666879653931,0.00025
432,0.4595002233982086,0.8566666841506958,0.9193693399429321,0.7968888878822327,1.1511285305023193,0.7179999947547913,0.7920354008674622,0.656333327293396,0.00025
433,0.48181310296058655,0.8473333120346069,0.9108452200889587,0.7866666913032532,1.142276406288147,0.7193333506584167,0.7983935475349426,0.6626666784286499,0.00025
434,0.5029976963996887,0.8443333506584167,0.9067391157150269,0.7788888812065125,1.1869677305221558,0.6980000138282776,0.7833671569824219,0.643666684627533,0.00025
435,0.49574825167655945,0.8468888998031616,0.9097598791122437,0.7829999923706055,1.151693344116211,0.7170000076293945,0.7911111116409302,0.6526666879653931,0.00025
436,0.4781193137168884,0.8541111350059509,0.9124760031700134,0.7923333048820496,1.181016206741333,0.7073333263397217,0.7901481986045837,0.6576666831970215,0.00025
437,0.47500354051589966,0.8566666841506958,0.9130379557609558,0.7967777848243713,1.1864677667617798,0.7080000042915344,0.7820252180099487,0.640999972820282,0.00025
438,0.46289560198783875,0.8618888854980469,0.9228993058204651,0.7993333339691162,1.1238439083099365,0.7233333587646484,0.7981651425361633,0.6669999957084656,0.000125
439,0.4660588502883911,0.8542222380638123,0.9161438941955566,0.7951111197471619,1.115519404411316,0.7226666808128357,0.8015968203544617,0.6693333387374878,0.000125
440,0.4593624770641327,0.8538888692855835,0.9129217267036438,0.7967777848243713,1.1244823932647705,0.718999981880188,0.7973408699035645,0.6596666574478149,0.000125
441,0.453751802444458,0.8625555634498596,0.9214404821395874,0.7988888621330261,1.121485948562622,0.7269999980926514,0.7974481582641602,0.6666666865348816,0.000125
442,0.4603547155857086,0.8603333234786987,0.9198512434959412,0.796999990940094,1.1088110208511353,0.7306666374206543,0.7991231679916382,0.6683333516120911,0.000125
443,0.4473578929901123,0.8668888807296753,0.9226364493370056,0.8056666851043701,1.190311312675476,0.7003333568572998,0.7864986062049866,0.6446666717529297,0.000125
444,0.4792075753211975,0.8541111350059509,0.9136055111885071,0.7931110858917236,1.1264169216156006,0.7226666808128357,0.7951082587242126,0.6610000133514404,0.000125
445,0.44027531147003174,0.8635555505752563,0.9225773811340332,0.8050000071525574,1.1213654279708862,0.7239999771118164,0.8069048523902893,0.6700000166893005,0.000125
446,0.453841894865036,0.8594444394111633,0.9191120266914368,0.8004444241523743,1.1178147792816162,0.7269999980926514,0.8026474118232727,0.6669999957084656,0.000125
447,0.45135462284088135,0.8622221946716309,0.9187642931938171,0.8029999732971191,1.1442244052886963,0.7149999737739563,0.7958519458770752,0.6523333191871643,0.000125
448,0.45413151383399963,0.8661110997200012,0.919670045375824,0.80522221326828,1.1231977939605713,0.7250000238418579,0.7998402118682861,0.6673333048820496,0.000125
449,0.45374923944473267,0.859333336353302,0.9142711758613586,0.7986666560173035,1.1245996952056885,0.7266666889190674,0.8050745129585266,0.6663333177566528,0.000125
450,0.4553176462650299,0.8569999933242798,0.9157988429069519,0.8012222051620483,1.1118621826171875,0.7293333411216736,0.8012718558311462,0.671999990940094,0.000125
451,0.4468744695186615,0.8600000143051147,0.9170156121253967,0.8029999732971191,1.1306012868881226,0.722000002861023,0.7987220287322998,0.6666666865348816,0.000125
452,0.43921467661857605,0.8665555715560913,0.924850344657898,0.8067777752876282,1.1368285417556763,0.718666672706604,0.7999193072319031,0.6610000133514404,0.000125
453,0.4581553339958191,0.8592222332954407,0.9198161363601685,0.8004444241523743,1.1126251220703125,0.7279999852180481,0.8043044805526733,0.6726666688919067,0.000125
454,0.451118141412735,0.8615555763244629,0.9200000166893005,0.8050000071525574,1.1122273206710815,0.7250000238418579,0.8014440536499023,0.6660000085830688,0.000125
455,0.4471619725227356,0.8619999885559082,0.9248790144920349,0.8071110844612122,1.126845121383667,0.7246666550636292,0.7980846166610718,0.6666666865348816,0.000125
456,0.45758315920829773,0.8597777485847473,0.9180035591125488,0.801111102104187,1.1073894500732422,0.7296666502952576,0.8028846383094788,0.6679999828338623,0.000125
457,0.4486914575099945,0.8669999837875366,0.9266581535339355,0.8072222471237183,1.1184920072555542,0.7229999899864197,0.7975999712944031,0.6646666526794434,0.000125
458,0.44179263710975647,0.8652222156524658,0.9200611114501953,0.8031111359596252,1.120545744895935,0.7269999980926514,0.8005562424659729,0.67166668176651,0.000125
459,0.45768803358078003,0.8598889112472534,0.9185601472854614,0.7995555400848389,1.1129069328308105,0.7269999980926514,0.8010387420654297,0.6683333516120911,0.000125
460,0.428150475025177,0.8711110949516296,0.9231935143470764,0.8119999766349792,1.117201566696167,0.7276666760444641,0.7955360412597656,0.6653333306312561,0.000125
461,0.4534273147583008,0.859666645526886,0.9185675978660583,0.8008888959884644,1.1155781745910645,0.7260000109672546,0.8031212687492371,0.6690000295639038,0.000125
462,0.46126753091812134,0.8591111302375793,0.9181540012359619,0.8002222180366516,1.130935788154602,0.7206666469573975,0.7947895526885986,0.6610000133514404,0.000125
463,0.45331746339797974,0.8612222075462341,0.920877993106842,0.8017777800559998,1.1510365009307861,0.7163333296775818,0.7931589484214783,0.6570000052452087,0.000125
464,0.43787360191345215,0.8629999756813049,0.9252253174781799,0.8097777962684631,1.1165608167648315,0.7300000190734863,0.8005606532096863,0.6663333177566528,0.000125
465,0.4518693685531616,0.8628888726234436,0.9202086925506592,0.8034444451332092,1.1154600381851196,0.7239999771118164,0.7998402118682861,0.6673333048820496,0.000125
466,0.45064327120780945,0.8621110916137695,0.9168036580085754,0.8056666851043701,1.1280750036239624,0.7213333249092102,0.8010492324829102,0.6616666913032532,0.000125
467,0.4703662693500519,0.855555534362793,0.9159438610076904,0.7978888750076294,1.1135145425796509,0.7276666760444641,0.8023256063461304,0.6669999957084656,0.000125
468,0.4426945447921753,0.8641111254692078,0.9187373518943787,0.80522221326828,1.1202229261398315,0.7300000190734863,0.8043131232261658,0.6713333129882812,0.000125
469,0.44771796464920044,0.8644444346427917,0.918529748916626,0.8080000281333923,1.1198604106903076,0.7239999771118164,0.801520586013794,0.6676666736602783,0.000125
470,0.45484864711761475,0.8673333525657654,0.922260582447052,0.8014444708824158,1.1015125513076782,0.7310000061988831,0.8092369437217712,0.67166668176651,0.000125
471,0.442829966545105,0.8619999885559082,0.9191893339157104,0.8063333630561829,1.129449486732483,0.7300000190734863,0.805084764957428,0.6650000214576721,0.000125
472,0.45208871364593506,0.8605555295944214,0.9197554588317871,0.8023333549499512,1.1172575950622559,0.7250000238418579,0.800238311290741,0.67166668176651,0.000125
473,0.4575759470462799,0.8588888645172119,0.9127729535102844,0.7987777590751648,1.1170573234558105,0.7203333377838135,0.8023116588592529,0.6710000038146973,0.000125
474,0.4385031461715698,0.8605555295944214,0.9237913489341736,0.8067777752876282,1.1163396835327148,0.7306666374206543,0.7979356646537781,0.6700000166893005,0.000125
475,0.45368409156799316,0.8610000014305115,0.9157416820526123,0.8066666722297668,1.135669231414795,0.7236666679382324,0.7994406819343567,0.6669999957084656,0.000125
476,0.4383099377155304,0.8617777824401855,0.9173208475112915,0.8050000071525574,1.122566819190979,0.7213333249092102,0.7972111701965332,0.6669999957084656,0.000125
477,0.4422934651374817,0.8651111125946045,0.9218848943710327,0.8064444661140442,1.1395387649536133,0.718999981880188,0.7929796576499939,0.6626666784286499,0.000125
478,0.44033515453338623,0.8674444556236267,0.9256524443626404,0.8078888654708862,1.1193253993988037,0.7263333201408386,0.7994406819343567,0.6669999957084656,0.000125
479,0.44574683904647827,0.8602222204208374,0.9202033281326294,0.8046666383743286,1.1137969493865967,0.7246666550636292,0.7968190908432007,0.6679999828338623,0.000125
480,0.43516844511032104,0.8627777695655823,0.9236437678337097,0.8077777624130249,1.1060032844543457,0.7289999723434448,0.8025477528572083,0.671999990940094,0.000125
481,0.4409833252429962,0.8608888983726501,0.9212067127227783,0.804111123085022,1.1303387880325317,0.7210000157356262,0.800000011920929,0.6653333306312561,0.000125
482,0.43618446588516235,0.8662222027778625,0.9228243231773376,0.8117777705192566,1.1232279539108276,0.7300000190734863,0.8024839758872986,0.6676666736602783,0.000125
483,0.4354535937309265,0.8681111335754395,0.9212728142738342,0.8074444532394409,1.1217808723449707,0.7266666889190674,0.8012872338294983,0.6639999747276306,0.000125
484,0.4351186752319336,0.867222249507904,0.9247025847434998,0.8118888735771179,1.1119886636734009,0.7300000190734863,0.7987346649169922,0.6733333468437195,0.000125
485,0.43907850980758667,0.8662222027778625,0.9216578006744385,0.8104444742202759,1.1296465396881104,0.7229999899864197,0.796104907989502,0.6676666736602783,0.000125
486,0.443503737449646,0.8636666536331177,0.9210291504859924,0.8034444451332092,1.1284668445587158,0.7206666469573975,0.7992032170295715,0.668666660785675,0.000125
487,0.44927549362182617,0.8646666407585144,0.9215138554573059,0.8062222003936768,1.1146539449691772,0.7283333539962769,0.8016692996025085,0.6723333597183228,0.000125
488,0.43148815631866455,0.8663333058357239,0.9199696779251099,0.8097777962684631,1.1345103979110718,0.7223333120346069,0.7955449223518372,0.6666666865348816,0.000125
489,0.4469439685344696,0.8635555505752563,0.9185279011726379,0.8042222261428833,1.1247787475585938,0.7296666502952576,0.7964566946029663,0.6743333339691162,0.000125
490,0.44308972358703613,0.8647778034210205,0.9203540086746216,0.8088889122009277,1.127591848373413,0.7229999899864197,0.7979191541671753,0.6646666526794434,0.000125
491,0.43186303973197937,0.8698889017105103,0.9250917434692383,0.812333345413208,1.1288222074508667,0.7243333458900452,0.7977706789970398,0.6679999828338623,0.000125
492,0.42620599269866943,0.8690000176429749,0.922622799873352,0.8161110877990723,1.1209094524383545,0.7233333587646484,0.8007145524024963,0.6723333597183228,0.000125
493,0.4363901615142822,0.8622221946716309,0.9197617173194885,0.8062222003936768,1.1244213581085205,0.7226666808128357,0.7986443638801575,0.6676666736602783,0.000125
494,0.435407429933548,0.8652222156524658,0.9181714653968811,0.8078888654708862,1.1140315532684326,0.7253333330154419,0.7984866499900818,0.6683333516120911,0.000125
495,0.4300585687160492,0.870888888835907,0.9258601069450378,0.8103333115577698,1.1427479982376099,0.7229999899864197,0.7966372966766357,0.6633333563804626,0.000125
496,0.4275538921356201,0.8663333058357239,0.9213085770606995,0.8104444742202759,1.1165567636489868,0.7276666760444641,0.803835391998291,0.6706666946411133,0.000125
497,0.4390888810157776,0.8655555844306946,0.9213796854019165,0.8073333501815796,1.1239217519760132,0.7286666631698608,0.800000011920929,0.6706666946411133,0.000125
498,0.4410627484321594,0.8653333187103271,0.9186621308326721,0.8056666851043701,1.134109377861023,0.7246666550636292,0.7982525825500488,0.6700000166893005,0.000125
499,0.4419727921485901,0.8628888726234436,0.9190011620521545,0.8055555820465088,1.1335707902908325,0.7229999899864197,0.8000802993774414,0.6643333435058594,0.000125
